timestamp,message,logStreamName
1630622125027,"2021-09-02T22:35:25.027Z	55760cc5-542b-5791-9242-556e07f61e51	INFO	delay second - 0
",2021/09/02/[$LATEST]c3b0fccdd3ca44839c8789483e018265
1630622134968,"2021-09-02T22:35:34.967Z	cb277792-e3f1-51bf-a06a-2e39b00088c6	INFO	delay second - 10
",2021/09/02/[$LATEST]c3b0fccdd3ca44839c8789483e018265
1630622145085,"2021-09-02T22:35:45.084Z	dfebb6f0-a3ae-5954-9bd8-ef5bf05f124f	INFO	delay second - 20
",2021/09/02/[$LATEST]c3b0fccdd3ca44839c8789483e018265
1630622155164,"2021-09-02T22:35:55.164Z	befd6995-9600-5266-8afa-303ec205ec7c	INFO	delay second - 30
",2021/09/02/[$LATEST]c3b0fccdd3ca44839c8789483e018265
1630622165268,"2021-09-02T22:36:05.267Z	503dbac8-cad1-51d5-b7ae-e3639ed7afd6	INFO	delay second - 40
",2021/09/02/[$LATEST]c3b0fccdd3ca44839c8789483e018265
1630622175362,"2021-09-02T22:36:15.362Z	627d4640-ba11-58d2-8196-1febee0736d1	INFO	delay second - 50
",2021/09/02/[$LATEST]c3b0fccdd3ca44839c8789483e018265
1630622184028,"2021-09-02T22:36:24.027Z	ce8bc875-0f7d-598f-974c-91de5b6b204f	INFO	delay second - 0
",2021/09/02/[$LATEST]c3b0fccdd3ca44839c8789483e018265
1630622194095,"2021-09-02T22:36:34.094Z	8c2c157c-243d-56c5-8d5e-4cd7701f9cf9	INFO	delay second - 10
",2021/09/02/[$LATEST]c3b0fccdd3ca44839c8789483e018265
1630622204161,"2021-09-02T22:36:44.161Z	6da55e72-2e3e-54bb-9718-07d97a0d5e87	INFO	delay second - 20
",2021/09/02/[$LATEST]c3b0fccdd3ca44839c8789483e018265
1630622214262,"2021-09-02T22:36:54.261Z	3adfb682-34c3-534c-b4a5-ef2960feda8c	INFO	delay second - 30
",2021/09/02/[$LATEST]c3b0fccdd3ca44839c8789483e018265
1630622224365,"2021-09-02T22:37:04.365Z	a80e3ae8-8793-5fef-b4ec-6343d3dab1f5	INFO	delay second - 40
",2021/09/02/[$LATEST]c3b0fccdd3ca44839c8789483e018265
1630622234485,"2021-09-02T22:37:14.484Z	abdfec17-9042-5099-a95e-b5bcc4111b82	INFO	delay second - 50
",2021/09/02/[$LATEST]c3b0fccdd3ca44839c8789483e018265
1630622243721,"2021-09-02T22:37:23.721Z	aff90640-03a7-5a01-a0fb-5feb57fb53c1	INFO	delay second - 0
",2021/09/02/[$LATEST]c3b0fccdd3ca44839c8789483e018265
1630622253860,"2021-09-02T22:37:33.860Z	bc93d56a-c894-59d7-a228-8cc19ccacf77	INFO	delay second - 10
",2021/09/02/[$LATEST]c3b0fccdd3ca44839c8789483e018265
1630622263957,"2021-09-02T22:37:43.956Z	dc989712-edee-5ced-8fc7-ceb9b99f1594	INFO	delay second - 20
",2021/09/02/[$LATEST]c3b0fccdd3ca44839c8789483e018265
1630622274184,"2021-09-02T22:37:54.184Z	39e280ce-0387-5e17-a102-d96557fe1dd2	INFO	delay second - 30
",2021/09/02/[$LATEST]c3b0fccdd3ca44839c8789483e018265
1630622284846,"2021-09-02T22:38:04.846Z	f8655293-6b14-59c3-a0af-0b383f90734d	INFO	delay second - 40
",2021/09/02/[$LATEST]c3b0fccdd3ca44839c8789483e018265
1630622294982,"2021-09-02T22:38:14.982Z	ee615338-5157-5d93-9eea-0a9305d45b33	INFO	delay second - 50
",2021/09/02/[$LATEST]c3b0fccdd3ca44839c8789483e018265
1630622304132,"2021-09-02T22:38:24.132Z	8e4d716f-6afa-53ff-929d-28c43e7491d6	INFO	delay second - 0
",2021/09/02/[$LATEST]c3b0fccdd3ca44839c8789483e018265
1630622314210,"2021-09-02T22:38:34.210Z	6d55f164-34dc-5571-b6bc-a8cf607e3fff	INFO	delay second - 10
",2021/09/02/[$LATEST]c3b0fccdd3ca44839c8789483e018265
1630622324292,"2021-09-02T22:38:44.292Z	3bd2a27d-8c39-571f-945c-fbd6d8980b9b	INFO	delay second - 20
",2021/09/02/[$LATEST]c3b0fccdd3ca44839c8789483e018265
1630622334427,"2021-09-02T22:38:54.427Z	c4656844-088d-5440-aee5-31ef5c3808c4	INFO	delay second - 30
",2021/09/02/[$LATEST]c3b0fccdd3ca44839c8789483e018265
1630622344533,"2021-09-02T22:39:04.533Z	99f38da5-b685-5f87-8916-d40ee2338dae	INFO	delay second - 40
",2021/09/02/[$LATEST]c3b0fccdd3ca44839c8789483e018265
1630622354607,"2021-09-02T22:39:14.607Z	36b51bda-848e-566a-9415-4271d04e608f	INFO	delay second - 50
",2021/09/02/[$LATEST]c3b0fccdd3ca44839c8789483e018265
1630622363587,"2021-09-02T22:39:23.587Z	e6e5cb6f-bd0c-55ec-9527-92c4e9df0309	INFO	delay second - 0
",2021/09/02/[$LATEST]c3b0fccdd3ca44839c8789483e018265
1630622373664,"2021-09-02T22:39:33.664Z	019fc308-6cc5-55f9-99af-9aa3381b07d0	INFO	delay second - 10
",2021/09/02/[$LATEST]c3b0fccdd3ca44839c8789483e018265
1630622383777,"2021-09-02T22:39:43.777Z	f4970055-5852-5b63-99d9-59fe0c8e5d86	INFO	delay second - 20
",2021/09/02/[$LATEST]c3b0fccdd3ca44839c8789483e018265
1630622393861,"2021-09-02T22:39:53.861Z	f153560c-a08d-54b5-af8e-0fa7f46ba770	INFO	delay second - 30
",2021/09/02/[$LATEST]c3b0fccdd3ca44839c8789483e018265
1630622403966,"2021-09-02T22:40:03.966Z	dd7c96d7-45f4-592f-8058-cf7c110f7b06	INFO	delay second - 40
",2021/09/02/[$LATEST]c3b0fccdd3ca44839c8789483e018265
1630622414081,"2021-09-02T22:40:14.081Z	1c1eee4f-1c66-5fab-8566-b7e4489de32f	INFO	delay second - 50
",2021/09/02/[$LATEST]c3b0fccdd3ca44839c8789483e018265
1630622423541,"2021-09-02T22:40:23.540Z	bf417190-1f3e-596a-af69-283b4a3b4b43	INFO	delay second - 0
",2021/09/02/[$LATEST]c3b0fccdd3ca44839c8789483e018265
1630622433597,"2021-09-02T22:40:33.597Z	31a0ef93-993c-5ad9-bf42-b638cc2cd516	INFO	delay second - 10
",2021/09/02/[$LATEST]c3b0fccdd3ca44839c8789483e018265
1630622443669,"2021-09-02T22:40:43.669Z	32159064-4d08-5558-a499-c9cf182c69dc	INFO	delay second - 20
",2021/09/02/[$LATEST]c3b0fccdd3ca44839c8789483e018265
1630622453756,"2021-09-02T22:40:53.756Z	987848bf-3719-5766-8c63-1114623d44a3	INFO	delay second - 30
",2021/09/02/[$LATEST]c3b0fccdd3ca44839c8789483e018265
1630622463856,"2021-09-02T22:41:03.856Z	33e04e85-527a-5609-9938-172e07568420	INFO	delay second - 40
",2021/09/02/[$LATEST]c3b0fccdd3ca44839c8789483e018265
1630622473954,"2021-09-02T22:41:13.954Z	a08dab04-40bf-5d14-bcdb-f2af15fe2bf1	INFO	delay second - 50
",2021/09/02/[$LATEST]c3b0fccdd3ca44839c8789483e018265
1630622483812,"2021-09-02T22:41:23.812Z	1b5da13c-c3e5-5edb-9a3d-f89796a46cf2	INFO	delay second - 0
",2021/09/02/[$LATEST]c3b0fccdd3ca44839c8789483e018265
1630622493902,"2021-09-02T22:41:33.902Z	1143b5ca-3997-5bc2-b140-ec616cdce807	INFO	delay second - 10
",2021/09/02/[$LATEST]c3b0fccdd3ca44839c8789483e018265
1630622503982,"2021-09-02T22:41:43.982Z	a2df59d6-f906-5d59-8898-007dac53b1dd	INFO	delay second - 20
",2021/09/02/[$LATEST]c3b0fccdd3ca44839c8789483e018265
1630622514084,"2021-09-02T22:41:54.084Z	b2d80db8-322f-5396-884f-54136770fc59	INFO	delay second - 30
",2021/09/02/[$LATEST]c3b0fccdd3ca44839c8789483e018265
1630622524198,"2021-09-02T22:42:04.197Z	2618a2ce-b15f-53ee-8a3d-fb65e42b350b	INFO	delay second - 40
",2021/09/02/[$LATEST]c3b0fccdd3ca44839c8789483e018265
1630622534284,"2021-09-02T22:42:14.284Z	879f5f3e-1559-5caf-9245-069540259671	INFO	delay second - 50
",2021/09/02/[$LATEST]c3b0fccdd3ca44839c8789483e018265
1630622543531,"2021-09-02T22:42:23.531Z	706994ea-e212-5084-bf6f-cd41b7954004	INFO	delay second - 0
",2021/09/02/[$LATEST]c3b0fccdd3ca44839c8789483e018265
1630622553588,"2021-09-02T22:42:33.588Z	ca513360-fe43-5dea-9f86-6acbabc48734	INFO	delay second - 10
",2021/09/02/[$LATEST]c3b0fccdd3ca44839c8789483e018265
1630622563907,"2021-09-02T22:42:43.907Z	462276be-43ae-5240-8676-2f151637689e	INFO	delay second - 20
",2021/09/02/[$LATEST]c3b0fccdd3ca44839c8789483e018265
1630622574030,"2021-09-02T22:42:54.030Z	2dbc74f9-8b22-5444-992b-2d52debe6b8b	INFO	delay second - 30
",2021/09/02/[$LATEST]c3b0fccdd3ca44839c8789483e018265
1630622584135,"2021-09-02T22:43:04.135Z	063a9bb7-128a-5392-b71e-c21c472e894c	INFO	delay second - 40
",2021/09/02/[$LATEST]c3b0fccdd3ca44839c8789483e018265
1630622594235,"2021-09-02T22:43:14.235Z	b523662b-5f56-58f4-98e6-3f800aef322a	INFO	delay second - 50
",2021/09/02/[$LATEST]c3b0fccdd3ca44839c8789483e018265
1630622603549,"2021-09-02T22:43:23.549Z	de0ff5a3-d93c-5ac4-a96d-ac088c861498	INFO	delay second - 0
",2021/09/02/[$LATEST]c3b0fccdd3ca44839c8789483e018265
1630622613586,"2021-09-02T22:43:33.586Z	fee7aec0-9897-55fe-ad85-f76bcd53ba31	INFO	delay second - 10
",2021/09/02/[$LATEST]c3b0fccdd3ca44839c8789483e018265
1630622623669,"2021-09-02T22:43:43.668Z	75a45215-ba19-5c6a-b25c-0bbeefd4b236	INFO	delay second - 20
",2021/09/02/[$LATEST]c3b0fccdd3ca44839c8789483e018265
1630622633756,"2021-09-02T22:43:53.756Z	6eda119c-93e7-5ec2-a314-4837c631010d	INFO	delay second - 30
",2021/09/02/[$LATEST]c3b0fccdd3ca44839c8789483e018265
1630622643871,"2021-09-02T22:44:03.871Z	2e6ec905-f8f0-5887-bea0-90aead1a2259	INFO	delay second - 40
",2021/09/02/[$LATEST]c3b0fccdd3ca44839c8789483e018265
1630622653928,"2021-09-02T22:44:13.928Z	da4bcd0d-27f5-58f6-8af9-94a672003876	INFO	delay second - 50
",2021/09/02/[$LATEST]c3b0fccdd3ca44839c8789483e018265
1630622663702,"2021-09-02T22:44:23.701Z	fbbc7eef-4648-539b-855c-274413b6283f	INFO	delay second - 0
",2021/09/02/[$LATEST]c3b0fccdd3ca44839c8789483e018265
1630622673775,"2021-09-02T22:44:33.775Z	d20ff879-8093-504a-b249-a1d2d699fcfe	INFO	delay second - 10
",2021/09/02/[$LATEST]c3b0fccdd3ca44839c8789483e018265
1630622683868,"2021-09-02T22:44:43.868Z	765e64b3-8325-5451-b3af-3d18d536a4d1	INFO	delay second - 20
",2021/09/02/[$LATEST]c3b0fccdd3ca44839c8789483e018265
1630622694035,"2021-09-02T22:44:54.035Z	1be6cc7d-3d12-5816-b411-95d66b0f8896	INFO	delay second - 30
",2021/09/02/[$LATEST]c3b0fccdd3ca44839c8789483e018265
1630622704118,"2021-09-02T22:45:04.117Z	88a53fe3-5d40-54c0-a020-66480b6c4bfc	INFO	delay second - 40
",2021/09/02/[$LATEST]c3b0fccdd3ca44839c8789483e018265
1630622714186,"2021-09-02T22:45:14.186Z	7d04eb4e-8545-54cd-bcab-b2e5d375cbf1	INFO	delay second - 50
",2021/09/02/[$LATEST]c3b0fccdd3ca44839c8789483e018265
1630622723876,"2021-09-02T22:45:23.875Z	f777d6b5-682f-5a2c-95e3-8f1e3e1ed188	INFO	delay second - 0
",2021/09/02/[$LATEST]c3b0fccdd3ca44839c8789483e018265
1630622733969,"2021-09-02T22:45:33.969Z	b9bc7ec2-24c3-5249-be59-276972f942c9	INFO	delay second - 10
",2021/09/02/[$LATEST]c3b0fccdd3ca44839c8789483e018265
1630622744186,"2021-09-02T22:45:44.186Z	5aaefd56-1855-52f6-b458-a4fd4e108952	INFO	delay second - 20
",2021/09/02/[$LATEST]c3b0fccdd3ca44839c8789483e018265
1630622754196,"2021-09-02T22:45:54.196Z	d054c937-dc36-5de8-b23f-909c8a621de8	INFO	delay second - 30
",2021/09/02/[$LATEST]c3b0fccdd3ca44839c8789483e018265
1630622764278,"2021-09-02T22:46:04.278Z	7bd3100e-2305-5839-9349-49a5755f48f6	INFO	delay second - 40
",2021/09/02/[$LATEST]c3b0fccdd3ca44839c8789483e018265
1630622774350,"2021-09-02T22:46:14.350Z	551d3587-b0f5-5726-9299-6c2ce6833726	INFO	delay second - 50
",2021/09/02/[$LATEST]c3b0fccdd3ca44839c8789483e018265
1630622783588,"2021-09-02T22:46:23.588Z	471a8cd4-b21c-58b9-b305-d57fe464ac33	INFO	delay second - 0
",2021/09/02/[$LATEST]c3b0fccdd3ca44839c8789483e018265
1630622793671,"2021-09-02T22:46:33.671Z	2587bc1e-0661-5566-88e4-e5b550169566	INFO	delay second - 10
",2021/09/02/[$LATEST]c3b0fccdd3ca44839c8789483e018265
1630622803769,"2021-09-02T22:46:43.769Z	d108b4fc-9732-5160-88b9-ed57c1b2dac4	INFO	delay second - 20
",2021/09/02/[$LATEST]c3b0fccdd3ca44839c8789483e018265
1630622813848,"2021-09-02T22:46:53.848Z	2739204b-718d-573c-a54f-79e027184c98	INFO	delay second - 30
",2021/09/02/[$LATEST]c3b0fccdd3ca44839c8789483e018265
1630622823948,"2021-09-02T22:47:03.948Z	33bfafee-0401-5f5a-afae-f64552972f95	INFO	delay second - 40
",2021/09/02/[$LATEST]c3b0fccdd3ca44839c8789483e018265
1630622834013,"2021-09-02T22:47:14.012Z	83b1a093-4a60-5d61-80e3-f9381cc969eb	INFO	delay second - 50
",2021/09/02/[$LATEST]c3b0fccdd3ca44839c8789483e018265
1630622844132,"2021-09-02T22:47:24.131Z	e9639cfd-f3f0-5f0e-b6e9-c556a5580b34	INFO	delay second - 0
",2021/09/02/[$LATEST]c3b0fccdd3ca44839c8789483e018265
1630622854238,"2021-09-02T22:47:34.238Z	2c6796ff-e6a4-538f-b8fd-cf54b0193340	INFO	delay second - 10
",2021/09/02/[$LATEST]c3b0fccdd3ca44839c8789483e018265
1630622864305,"2021-09-02T22:47:44.304Z	4f0f1436-cbe6-5708-bb3c-4d9d9d2e1382	INFO	delay second - 20
",2021/09/02/[$LATEST]c3b0fccdd3ca44839c8789483e018265
1630622874405,"2021-09-02T22:47:54.405Z	6deaec2b-0b4e-538e-ac97-b5805d9f9704	INFO	delay second - 30
",2021/09/02/[$LATEST]c3b0fccdd3ca44839c8789483e018265
1630622884480,"2021-09-02T22:48:04.480Z	e14343a3-b406-5035-920a-1a08e2dc9b91	INFO	delay second - 40
",2021/09/02/[$LATEST]c3b0fccdd3ca44839c8789483e018265
1630622894561,"2021-09-02T22:48:14.561Z	13d6ee36-bcac-50ec-9aa2-b79dea703fd0	INFO	delay second - 50
",2021/09/02/[$LATEST]c3b0fccdd3ca44839c8789483e018265
1630622903894,"2021-09-02T22:48:23.893Z	54a0385c-60a0-5177-8c9b-61f73646354d	INFO	delay second - 0
",2021/09/02/[$LATEST]c3b0fccdd3ca44839c8789483e018265
1630622913979,"2021-09-02T22:48:33.979Z	cc349b7e-dc66-5e21-8b39-c2d58a9c127f	INFO	delay second - 10
",2021/09/02/[$LATEST]c3b0fccdd3ca44839c8789483e018265
1630622924143,"2021-09-02T22:48:44.142Z	58a54da3-9f9b-50fe-9336-1408c89ff17e	INFO	delay second - 20
",2021/09/02/[$LATEST]445ef26c929444fc9c5953b7cd08ffb4
1630622934165,"2021-09-02T22:48:54.165Z	92cbfd56-d1a2-5a62-97e8-a4fd86af9be2	INFO	delay second - 30
",2021/09/02/[$LATEST]445ef26c929444fc9c5953b7cd08ffb4
1630622944249,"2021-09-02T22:49:04.249Z	d53e6fd7-9821-5841-baeb-367ccf36a41f	INFO	delay second - 40
",2021/09/02/[$LATEST]445ef26c929444fc9c5953b7cd08ffb4
1630622954353,"2021-09-02T22:49:14.353Z	36ecf945-d0ff-5847-85f1-a0ee87de3419	INFO	delay second - 50
",2021/09/02/[$LATEST]445ef26c929444fc9c5953b7cd08ffb4
1630622963767,"2021-09-02T22:49:23.767Z	fc764d16-ab49-5a2b-a75c-14bdfc62a717	INFO	delay second - 0
",2021/09/02/[$LATEST]445ef26c929444fc9c5953b7cd08ffb4
1630622973829,"2021-09-02T22:49:33.829Z	79d35ccf-056e-5407-b13d-0564525a693b	INFO	delay second - 10
",2021/09/02/[$LATEST]445ef26c929444fc9c5953b7cd08ffb4
1630622983915,"2021-09-02T22:49:43.915Z	aa8ee6be-92f5-5fbe-92b7-bf15c5cba3e0	INFO	delay second - 20
",2021/09/02/[$LATEST]445ef26c929444fc9c5953b7cd08ffb4
1630622994085,"2021-09-02T22:49:54.085Z	04b63790-877b-55af-aa68-6e3bd03289f1	INFO	delay second - 30
",2021/09/02/[$LATEST]445ef26c929444fc9c5953b7cd08ffb4
1630623004193,"2021-09-02T22:50:04.193Z	97d6251c-045e-5cdf-9a1b-7cb7530c21e3	INFO	delay second - 40
",2021/09/02/[$LATEST]445ef26c929444fc9c5953b7cd08ffb4
1630623014256,"2021-09-02T22:50:14.256Z	ad5b36d3-9841-5aa3-9164-6f78cf159f8a	INFO	delay second - 50
",2021/09/02/[$LATEST]445ef26c929444fc9c5953b7cd08ffb4
1630623023964,"2021-09-02T22:50:23.964Z	23216be4-9583-5c6a-89c9-324fc2eb66e5	INFO	delay second - 0
",2021/09/02/[$LATEST]445ef26c929444fc9c5953b7cd08ffb4
1630623034126,"2021-09-02T22:50:34.126Z	03db6c09-fbe6-506d-9f45-35a2ac810544	INFO	delay second - 10
",2021/09/02/[$LATEST]445ef26c929444fc9c5953b7cd08ffb4
1630623044326,"2021-09-02T22:50:44.326Z	86d3cba9-0106-529c-b88f-920256776813	INFO	delay second - 20
",2021/09/02/[$LATEST]445ef26c929444fc9c5953b7cd08ffb4
1630623054439,"2021-09-02T22:50:54.438Z	0661e92d-100d-5199-98ab-b086478b8ca5	INFO	delay second - 30
",2021/09/02/[$LATEST]445ef26c929444fc9c5953b7cd08ffb4
1630623064578,"2021-09-02T22:51:04.578Z	c9586152-3699-5424-a683-38f961130659	INFO	delay second - 40
",2021/09/02/[$LATEST]445ef26c929444fc9c5953b7cd08ffb4
1630623074649,"2021-09-02T22:51:14.649Z	716d8b6e-6796-57ae-a73d-d2c530186287	INFO	delay second - 50
",2021/09/02/[$LATEST]445ef26c929444fc9c5953b7cd08ffb4
1630623083673,"2021-09-02T22:51:23.673Z	ceb5b20b-a45f-522a-beb4-eba0f3fbaf16	INFO	delay second - 0
",2021/09/02/[$LATEST]445ef26c929444fc9c5953b7cd08ffb4
1630623093759,"2021-09-02T22:51:33.759Z	6e62267a-e04d-5b6e-b864-7fd1b7ff5332	INFO	delay second - 10
",2021/09/02/[$LATEST]445ef26c929444fc9c5953b7cd08ffb4
1630623103854,"2021-09-02T22:51:43.854Z	d24db1b6-a10f-5cf7-94a3-e81df6a221cb	INFO	delay second - 20
",2021/09/02/[$LATEST]445ef26c929444fc9c5953b7cd08ffb4
1630623113929,"2021-09-02T22:51:53.929Z	814ccf40-edd6-5dc5-a944-96ebba610599	INFO	delay second - 30
",2021/09/02/[$LATEST]445ef26c929444fc9c5953b7cd08ffb4
1630623124023,"2021-09-02T22:52:04.023Z	b3407dad-5361-5d8c-a240-240604a3c2e2	INFO	delay second - 40
",2021/09/02/[$LATEST]445ef26c929444fc9c5953b7cd08ffb4
1630623134123,"2021-09-02T22:52:14.123Z	aeb7c7b6-6dd1-5e6e-9310-9e1d3a1b3632	INFO	delay second - 50
",2021/09/02/[$LATEST]445ef26c929444fc9c5953b7cd08ffb4
1630623143560,"2021-09-02T22:52:23.560Z	e33a9669-790f-5c2d-9b61-cfc22edbce6f	INFO	delay second - 0
",2021/09/02/[$LATEST]445ef26c929444fc9c5953b7cd08ffb4
1630623153732,"2021-09-02T22:52:33.732Z	6e314882-f594-5862-8f33-1129a24b303e	INFO	delay second - 10
",2021/09/02/[$LATEST]445ef26c929444fc9c5953b7cd08ffb4
1630623163822,"2021-09-02T22:52:43.821Z	03a96be2-0355-567b-8fec-324954bce439	INFO	delay second - 20
",2021/09/02/[$LATEST]445ef26c929444fc9c5953b7cd08ffb4
1630623173922,"2021-09-02T22:52:53.922Z	b10d2665-ea52-589f-be40-7fcebdabb210	INFO	delay second - 30
",2021/09/02/[$LATEST]445ef26c929444fc9c5953b7cd08ffb4
1630623183993,"2021-09-02T22:53:03.992Z	41ef5d47-e2dd-5513-8334-04ecbad5e03a	INFO	delay second - 40
",2021/09/02/[$LATEST]445ef26c929444fc9c5953b7cd08ffb4
1630623194088,"2021-09-02T22:53:14.088Z	2be1d526-10c5-5fbf-90d9-8c8d48d77dc2	INFO	delay second - 50
",2021/09/02/[$LATEST]445ef26c929444fc9c5953b7cd08ffb4
1630623203401,"2021-09-02T22:53:23.401Z	8aa29bf9-0034-5839-86b7-c2525826d3dc	INFO	delay second - 0
",2021/09/02/[$LATEST]445ef26c929444fc9c5953b7cd08ffb4
1630623213486,"2021-09-02T22:53:33.486Z	72eecde4-4a6e-52f3-9557-944f12740478	INFO	delay second - 10
",2021/09/02/[$LATEST]445ef26c929444fc9c5953b7cd08ffb4
1630623223623,"2021-09-02T22:53:43.623Z	45ee3f6d-d5b6-5193-9c45-66c68d900efd	INFO	delay second - 20
",2021/09/02/[$LATEST]445ef26c929444fc9c5953b7cd08ffb4
1630623233693,"2021-09-02T22:53:53.692Z	64589219-25d7-5c94-90e7-cbb27df99a1f	INFO	delay second - 30
",2021/09/02/[$LATEST]445ef26c929444fc9c5953b7cd08ffb4
1630623243848,"2021-09-02T22:54:03.848Z	36c4cbf5-3891-5eba-9749-925e60abf065	INFO	delay second - 40
",2021/09/02/[$LATEST]445ef26c929444fc9c5953b7cd08ffb4
1630623254050,"2021-09-02T22:54:14.050Z	7936df8f-deec-5e29-b3c9-862486a0e5cc	INFO	delay second - 50
",2021/09/02/[$LATEST]445ef26c929444fc9c5953b7cd08ffb4
1630623263507,"2021-09-02T22:54:23.507Z	95e7e1b5-c6ad-542f-bc90-b81e9ee0baf0	INFO	delay second - 0
",2021/09/02/[$LATEST]445ef26c929444fc9c5953b7cd08ffb4
1630623273646,"2021-09-02T22:54:33.646Z	08e58e0f-5851-543f-8af1-d7a400303541	INFO	delay second - 10
",2021/09/02/[$LATEST]445ef26c929444fc9c5953b7cd08ffb4
1630623283797,"2021-09-02T22:54:43.797Z	ddaa5783-9fb3-5f31-a5c1-0e28c7da12f1	INFO	delay second - 20
",2021/09/02/[$LATEST]445ef26c929444fc9c5953b7cd08ffb4
1630623293817,"2021-09-02T22:54:53.817Z	fd79d75c-d3aa-52b4-a8b2-8ef78bc103ca	INFO	delay second - 30
",2021/09/02/[$LATEST]445ef26c929444fc9c5953b7cd08ffb4
1630623303927,"2021-09-02T22:55:03.927Z	6126bc84-e6eb-5c93-9166-e52fbe6b3cd1	INFO	delay second - 40
",2021/09/02/[$LATEST]445ef26c929444fc9c5953b7cd08ffb4
1630623313992,"2021-09-02T22:55:13.992Z	73562f44-fd77-5b76-aca1-76efa5098a08	INFO	delay second - 50
",2021/09/02/[$LATEST]445ef26c929444fc9c5953b7cd08ffb4
1630623323747,"2021-09-02T22:55:23.746Z	d34baafb-ad03-542c-b22f-f350f591c552	INFO	delay second - 0
",2021/09/02/[$LATEST]445ef26c929444fc9c5953b7cd08ffb4
1630623333906,"2021-09-02T22:55:33.906Z	a292ac6f-f8bf-59d4-8ea7-f5c4a02dda6b	INFO	delay second - 10
",2021/09/02/[$LATEST]445ef26c929444fc9c5953b7cd08ffb4
1630623343979,"2021-09-02T22:55:43.978Z	b3ebc4d5-be5f-55d5-9752-9d7ee6f8c66a	INFO	delay second - 20
",2021/09/02/[$LATEST]445ef26c929444fc9c5953b7cd08ffb4
1630623354108,"2021-09-02T22:55:54.107Z	d54d59ba-66e4-5f9e-bbe7-00113e43947b	INFO	delay second - 30
",2021/09/02/[$LATEST]445ef26c929444fc9c5953b7cd08ffb4
1630623364192,"2021-09-02T22:56:04.192Z	8cd3be36-7aff-5d15-a3b2-e79d224346f0	INFO	delay second - 40
",2021/09/02/[$LATEST]445ef26c929444fc9c5953b7cd08ffb4
1630623374259,"2021-09-02T22:56:14.259Z	678f4979-3473-5bab-9fd5-10d26cb0fad5	INFO	delay second - 50
",2021/09/02/[$LATEST]445ef26c929444fc9c5953b7cd08ffb4
1630623383564,"2021-09-02T22:56:23.563Z	87e9cf90-17e0-54fa-92e9-963b4f2f5584	INFO	delay second - 0
",2021/09/02/[$LATEST]445ef26c929444fc9c5953b7cd08ffb4
1630623393642,"2021-09-02T22:56:33.642Z	34b6a428-5019-5f96-98a2-fd8308c14c29	INFO	delay second - 10
",2021/09/02/[$LATEST]445ef26c929444fc9c5953b7cd08ffb4
1630623403732,"2021-09-02T22:56:43.732Z	1c43bc7b-326f-5c34-ac98-e5d06ab7c7d1	INFO	delay second - 20
",2021/09/02/[$LATEST]445ef26c929444fc9c5953b7cd08ffb4
1630623413819,"2021-09-02T22:56:53.819Z	269d0049-7ad4-5f70-9c03-59e222386f32	INFO	delay second - 30
",2021/09/02/[$LATEST]445ef26c929444fc9c5953b7cd08ffb4
1630623423910,"2021-09-02T22:57:03.910Z	7696bdac-1eea-5403-8b6f-e407461ccebe	INFO	delay second - 40
",2021/09/02/[$LATEST]445ef26c929444fc9c5953b7cd08ffb4
1630623433980,"2021-09-02T22:57:13.980Z	8ddee775-9a9f-58a8-a077-bedec39e96d2	INFO	delay second - 50
",2021/09/02/[$LATEST]445ef26c929444fc9c5953b7cd08ffb4
1630623443757,"2021-09-02T22:57:23.757Z	30429a2a-89f1-5b73-aa29-c381d0fa9b31	INFO	delay second - 0
",2021/09/02/[$LATEST]445ef26c929444fc9c5953b7cd08ffb4
1630623453867,"2021-09-02T22:57:33.867Z	77f927bc-62df-5408-a4ca-7e173bd4a7b7	INFO	delay second - 10
",2021/09/02/[$LATEST]445ef26c929444fc9c5953b7cd08ffb4
1630623463936,"2021-09-02T22:57:43.936Z	fcdb2c5f-bfcb-5730-827b-75f4e6eb594a	INFO	delay second - 20
",2021/09/02/[$LATEST]445ef26c929444fc9c5953b7cd08ffb4
1630623474026,"2021-09-02T22:57:54.025Z	d14cde1a-4ab6-5002-83bd-87b1139cbdc2	INFO	delay second - 30
",2021/09/02/[$LATEST]445ef26c929444fc9c5953b7cd08ffb4
1630623484089,"2021-09-02T22:58:04.089Z	a43e9cbd-b714-55a4-9faf-c516ee3dcf19	INFO	delay second - 40
",2021/09/02/[$LATEST]445ef26c929444fc9c5953b7cd08ffb4
1630623494214,"2021-09-02T22:58:14.214Z	7d719106-1098-5b18-b932-c8ad49ab26d8	INFO	delay second - 50
",2021/09/02/[$LATEST]445ef26c929444fc9c5953b7cd08ffb4
1630623503994,"2021-09-02T22:58:23.994Z	2c8b0336-da37-51ed-9792-5a9d83716c2d	INFO	delay second - 0
",2021/09/02/[$LATEST]445ef26c929444fc9c5953b7cd08ffb4
1630623514085,"2021-09-02T22:58:34.085Z	04cc25ad-06a9-5772-8894-7c065feec4cd	INFO	delay second - 10
",2021/09/02/[$LATEST]445ef26c929444fc9c5953b7cd08ffb4
1630623524150,"2021-09-02T22:58:44.150Z	21e4849c-1b35-588d-8c07-dd37426eab32	INFO	delay second - 20
",2021/09/02/[$LATEST]445ef26c929444fc9c5953b7cd08ffb4
1630623534251,"2021-09-02T22:58:54.250Z	c501edea-29e3-5e4d-b6fe-b4417089a9f4	INFO	delay second - 30
",2021/09/02/[$LATEST]445ef26c929444fc9c5953b7cd08ffb4
1630623544362,"2021-09-02T22:59:04.362Z	2991fec1-72e9-58c2-bdeb-a76a2b83c5d4	INFO	delay second - 40
",2021/09/02/[$LATEST]445ef26c929444fc9c5953b7cd08ffb4
1630623554440,"2021-09-02T22:59:14.439Z	2ee3ba35-0012-5cfa-8fd3-e39e596a6cc8	INFO	delay second - 50
",2021/09/02/[$LATEST]445ef26c929444fc9c5953b7cd08ffb4
1630623563937,"2021-09-02T22:59:23.937Z	5e09d59f-84a0-56d5-969e-8c34ddda4f1e	INFO	delay second - 0
",2021/09/02/[$LATEST]445ef26c929444fc9c5953b7cd08ffb4
1630623573980,"2021-09-02T22:59:33.979Z	8aaf907e-d78c-556f-ba29-c9d58e02ab15	INFO	delay second - 10
",2021/09/02/[$LATEST]445ef26c929444fc9c5953b7cd08ffb4
1630623584087,"2021-09-02T22:59:44.087Z	97d1960c-00c2-540e-9b0a-cfa7594f37f6	INFO	delay second - 20
",2021/09/02/[$LATEST]445ef26c929444fc9c5953b7cd08ffb4
1630623594175,"2021-09-02T22:59:54.175Z	2836ad25-45ed-56c7-b54c-f48e1c7b0478	INFO	delay second - 30
",2021/09/02/[$LATEST]445ef26c929444fc9c5953b7cd08ffb4
1630623604262,"2021-09-02T23:00:04.261Z	b3310479-a6b5-5070-bb5f-5dd2ff140388	INFO	delay second - 40
",2021/09/02/[$LATEST]445ef26c929444fc9c5953b7cd08ffb4
1630623614334,"2021-09-02T23:00:14.334Z	92705f4c-d795-5292-89bc-06e78e21a889	INFO	delay second - 50
",2021/09/02/[$LATEST]445ef26c929444fc9c5953b7cd08ffb4
1630623623556,"2021-09-02T23:00:23.556Z	89f54ba0-c433-5dbd-aeda-120b9d8d27a6	INFO	delay second - 0
",2021/09/02/[$LATEST]445ef26c929444fc9c5953b7cd08ffb4
1630623633669,"2021-09-02T23:00:33.669Z	fd3d95fb-cf58-5592-91c8-cc509698a5a0	INFO	delay second - 10
",2021/09/02/[$LATEST]445ef26c929444fc9c5953b7cd08ffb4
1630623643719,"2021-09-02T23:00:43.718Z	f38a32b8-edfa-5fcc-be57-6b13b432ec34	INFO	delay second - 20
",2021/09/02/[$LATEST]445ef26c929444fc9c5953b7cd08ffb4
1630623653824,"2021-09-02T23:00:53.824Z	1cf06672-bcae-5415-89d7-3fd9e57dc427	INFO	delay second - 30
",2021/09/02/[$LATEST]445ef26c929444fc9c5953b7cd08ffb4
1630623663900,"2021-09-02T23:01:03.900Z	c191b39f-b3da-5a07-b7b1-ea34ea389da6	INFO	delay second - 40
",2021/09/02/[$LATEST]445ef26c929444fc9c5953b7cd08ffb4
1630623674034,"2021-09-02T23:01:14.034Z	e6d98295-6fd6-5553-9d07-db3e36397f48	INFO	delay second - 50
",2021/09/02/[$LATEST]445ef26c929444fc9c5953b7cd08ffb4
1630623683545,"2021-09-02T23:01:23.545Z	a0ef1b06-8194-5033-bd38-42add86583cb	INFO	delay second - 0
",2021/09/02/[$LATEST]445ef26c929444fc9c5953b7cd08ffb4
1630623693627,"2021-09-02T23:01:33.627Z	f67e3035-c5d2-50ab-bccf-699e9fd64353	INFO	delay second - 10
",2021/09/02/[$LATEST]445ef26c929444fc9c5953b7cd08ffb4
1630623703749,"2021-09-02T23:01:43.749Z	87b7ce43-a34b-5e0b-8c9e-97e8f95bf627	INFO	delay second - 20
",2021/09/02/[$LATEST]445ef26c929444fc9c5953b7cd08ffb4
1630623713932,"2021-09-02T23:01:53.932Z	a4659c3a-0fe2-551c-98e0-c59155f2a315	INFO	delay second - 30
",2021/09/02/[$LATEST]445ef26c929444fc9c5953b7cd08ffb4
1630623723990,"2021-09-02T23:02:03.990Z	2d5dbb39-fd84-5d5b-9d10-e292a7a66740	INFO	delay second - 40
",2021/09/02/[$LATEST]445ef26c929444fc9c5953b7cd08ffb4
1630623734067,"2021-09-02T23:02:14.066Z	8fc2d798-9d1c-5b49-bce1-8e33c7294d40	INFO	delay second - 50
",2021/09/02/[$LATEST]445ef26c929444fc9c5953b7cd08ffb4